NaN,NaN,NaN,NaN,NaN,NaN,NaN,NaN,NaN,NaN,NaN,NaN,NaN,NaN,NaN,NaN,NaN,NaN,NaN,NaN,NaN,NaN,NaN,NaN,NaN,NaN,NaN,NaN,NaN,NaN,NaN,NaN,NaN,NaN,NaN,NaN,NaN,NaN,NaN,NaN,NaN,NaN,NaN,NaN,NaN,NaN,NaN,NaN,NaN,NaN,NaN
-59.72573718277834,-59.56572561084166,-59.40222393401354,-59.23507928618978,-59.090795420864865,-58.915865168850104,-58.736769468732724,-58.55330962505292,-58.3652727809312,-58.172430590095516,-57.974537737924685,-57.771330292235085,-57.56252386209874,-57.347811540358755,-57.153528269439114,-56.92598160066816,-56.69144881488582,-56.44950703699383,-56.199696310002196,-55.94151559611891,-52.48380183324554,-52.19900298573699,-51.90330285129784,-51.51564548969157,-51.1913206864293,-50.87957396390976,-50.52588438277146,-50.15559166044703,-49.793878512776715,-49.385752276139954,-48.98269397096688,-48.52931111296522,-48.07666659873941,-47.59562753769584,-47.083586773099924,-46.53792598395858,-45.95628523744933,-45.36375636398259,-44.34720822346546,-43.130428379785165,-41.890607078994904,-40.316713957700976,-38.842864018691444,-37.44008192150415,-36.17759019578329,-35.93078598954397,-36.05759250009483,-36.38675272421386,-36.98286930693724,-37.68005312478833,NaN
-62.86479549178364,-62.70783415031408,-62.49980497496509,-62.33479832884736,-62.166085025376866,-61.99349829239553,-61.81686015213709,-61.63598043166314,-61.450655667580925,-61.26066789242768,-61.06578328863845,-60.89241736112709,-60.68696661124716,-60.47580669335149,-60.25862370047404,-60.03507855805623,-56.64775420409404,-56.40561225454179,-56.077072732462796,-55.815306032878794,-55.54426952330181,-55.26331510048379,-54.97172913938061,-54.69539111120015,-54.380097937221336,-54.05155410237061,-53.708694337271886,-53.35033922607624,-53.00185114803479,-52.6084586390494,-52.195251788222485,-48.457680871561436,-48.004247592167935,-47.30362141118191,-46.77015998956091,-46.1714754679279,-45.556998761645,-44.896388937056585,-44.187026262833704,-43.45571929418116,-42.68208383365091,-41.718180822390856,-40.05229116606792,-37.81505865431639,-35.82230933013148,-34.89536284428992,-34.988979014166055,-35.51506388131877,-36.22563090965994,-37.588934038773175,NaN
-61.29421605950819,-61.135160224652395,-59.39445174145831,-59.22686403127888,-59.05548914569632,-58.880157744299794,-58.70068937843861,-58.51689156227256,-58.328558755682636,-58.135471251339766,-57.937393958219275,-57.73407507422487,-57.52524464156185,-57.31061298039635,-57.08986899962528,-56.86267838896296,-55.01814407777714,-54.773350995660884,-54.442521106529384,-54.17593167835978,-53.899835150814695,-53.613572855928275,-53.31642212814346,-53.00758936075185,-52.68620265738717,-52.35130435585163,-52.00184395256244,-51.63667238172855,-51.254539326232546,-50.85409647030267,-48.26296492501761,-49.33496118806688,-48.8585622414898,-45.665378300571156,-45.000951960775566,-44.387019913741355,-43.72706466907356,-43.01625339604585,-42.25038010986329,-41.42747118524005,-40.57786604059153,-39.664414296602864,-38.78160734840298,-38.01325534806616,-37.57511206847968,-32.758729221759964,-32.82178219827491,-33.399927904814625,-36.74086482650271,-38.02635476647801,NaN
-61.393138063319014,-61.2342765509562,-59.49255447001449,-59.3251551673282,-59.15398147312964,-58.9788652671763,-58.799627471684396,-58.616077145345066,-58.42801049338728,-58.23520978687718,-58.03744218465323,-57.83445845195213,-57.6259915711164,-57.4117552421365,-57.191442274675005,-56.96472287939446,-55.11883675011354,-54.87453908968531,-53.49607321435405,-53.22989784268679,-52.95426403404586,-52.668520965594716,-52.37195544202205,-52.11045203337016,-51.78981960105963,-51.45578453437107,-51.10731795555449,-50.743297937358726,-50.36250853830843,-49.963645417629834,-48.464193326679194,-48.01409652699814,-47.53941171521034,-45.8698163644972,-44.17764072347337,-43.56651474412362,-42.95681341927291,-42.250656560569,-41.53757644464249,-40.76949499339909,-39.99748426060278,-39.19185263240927,-38.44077965080162,-37.87334273789647,-35.46021609254076,-31.421449714129295,-30.96021944084316,-33.47765834909801,-36.979989076499194,-38.20530078906049,NaN
-61.46349596582958,-61.305463493872885,-59.55955621570878,-59.39296424797303,-59.22265272644814,-59.04845876185634,-58.8702091523716,-58.68771957568141,-58.500793714905974,-58.309222315345245,-58.11278217015678,-57.957901701566634,-57.729550440996704,-57.51586266267139,-57.29614668985781,-57.07007863011077,-55.217140625712574,-54.97332128181574,-53.58400727060167,-53.31764686201328,-53.08847875753013,-50.668634209919155,-50.36822225158416,-50.055701631519256,-49.73012083568789,-49.43708963525837,-49.08209924271984,-48.71050816224204,-48.36752767883475,-47.958208253846166,-47.52742927433136,-47.11989672192551,-46.64015714178697,-44.994003881147854,-44.48005558406009,-43.927897620952386,-43.333826363073335,-42.69446643253561,-42.054308587744536,-41.340799572494404,-40.6210716970603,-39.94811491885218,-39.06399311583345,-35.77798411531252,-33.09776738515324,-31.95738923459188,-31.467770303338,-33.22879392109847,-36.16766043259195,-37.78041296194514,NaN
-61.53644485773224,-61.37933279966381,-59.62615921154246,-59.46039482822964,-59.29096773233493,-59.16438711332863,-58.987152508868725,-56.690813582820894,-56.503785851885766,-56.312099690050296,-56.115530027376785,-55.913836428060094,-55.70676186680433,-55.54069809299911,-55.32201759103533,-55.0970721528319,-53.23270274765265,-52.989718006652915,-51.58162753132262,-51.36159870056697,-51.085387732211665,-50.79900026799128,-50.501710348988844,-50.239386390922185,-49.91781655183251,-49.58270032581844,-49.27964004703295,-48.91413296791804,-48.57823177217269,-48.17720894553633,-47.802895279795436,-47.40703204078852,-46.987980772364246,-45.3299227547445,-44.83253015648252,-44.287628956157036,-43.73945702960348,-43.153028681711305,-42.52845483912695,-41.93607199669039,-41.31956979253871,-39.40102432655474,-36.58773694784353,-34.74466578473846,-34.15376669717645,-32.74874912592268,-32.457102408290005,-33.86086456000789,-36.61300193704741,-37.65193257654549,NaN
-59.522078766850385,-59.36583874791882,-57.649610718065546,-57.48454516777933,-57.3158600804801,-57.14340178227309,-56.96700738008999,-56.78650411256723,-56.601708662073285,-56.4590930969283,-56.265117448530255,-56.06622893143879,-55.86219448585841,-55.65276666196253,-55.43768287488007,-55.26333140569782,-53.38690801590757,-53.14800533018903,-51.763619222558056,-51.50004951724933,-51.22732330657504,-50.94483575732044,-50.69859497310676,-50.39455069018402,-50.1252564759504,-49.79653251667975,-49.50079635518302,-49.14372937595757,-48.81761420004348,-48.474679272246654,-48.11378873174146,-47.72048525881322,-47.30706504456095,-45.61896962637496,-45.16368960145667,-44.645969395580515,-44.13149356936843,-43.620469847198194,-43.08197737857923,-41.755628882187544,-39.920807721109334,-37.86689415829825,-36.33044092983549,-35.12001437363073,-35.05357992957297,-33.65092544897093,-33.443581808200875,-34.6599501535925,-37.17563386916557,-38.06950258916062,NaN
-59.67345753662438,-59.51927151269266,-57.74616881920187,-57.58310221156617,-57.416550871438105,-57.24637378096425,-57.119088894617114,-56.94120604824968,-56.75922653526499,-56.572976026895354,-56.382270851083554,-56.23358431675698,-56.033379777906354,-55.82811047554784,-55.61755287636133,-55.448140245952274,-53.55806386933862,-53.324344803102065,-51.910971919848116,-51.65138115534138,-51.38308344080853,-51.152209404084665,-50.86484924470596,-50.61371786063001,-50.30482097901393,-50.03078962681633,-49.74421729522281,-49.39766802056574,-49.070357756534214,-48.72817933690918,-48.370409933881774,-47.99644291290839,-47.63922394304992,-45.92995242152512,-45.500920520640406,-45.048332400797754,-44.6059152073843,-43.84219392023783,-42.328091038985214,-40.80496635395801,-39.05314689787337,-37.66074400509369,-36.458603092917855,-36.09289222694823,-35.67617815545859,-34.569479329783604,-34.40617963058498,-35.57212582268485,-37.80305907756632,-38.56078996296078,NaN
-59.787886243722475,-59.63612730191453,-57.8519361182762,-57.69125559882674,-57.57391739864638,-57.40646209155439,-57.235424331231066,-57.06066601717046,-56.88204283826505,-56.74607087961984,-56.55925998425811,-56.3681139027062,-56.17246394067507,-56.01880282906858,-55.81361889253571,-55.60339728438821,-53.745368264685,-53.51784596442159,-52.06988064244724,-51.81505498378214,-51.59871645613451,-51.327074104179125,-51.09297778224148,-50.80258649043651,-50.535371844838274,-50.257457558723694,-49.93496287879243,-49.63401850689007,-49.3207910664972,-48.99485344155497,-48.68924017906081,-48.33719653922758,-48.005633719023876,-46.2711029030133,-45.870998499822996,-45.219550015173475,-44.25162526179214,-43.036993124055634,-41.58109534719313,-39.89272920254301,-38.88523648639141,-37.81091059442502,-37.08462661801203,-36.995632827339335,-36.36317518699048,-35.4562160651279,-35.31984302000903,-36.43341364820994,-38.501632342582205,-39.09448178760309,NaN
-59.91118643199081,-59.76219780969771,-57.966330153953265,-57.85506365825284,-57.69398973186718,-57.52966583156531,-57.36197880008652,-57.2374783112148,-57.06271040536188,-56.884217809963005,-56.701873746871556,-56.56221593915686,-56.37178087633375,-56.1771050810745,-56.02472680986817,-55.82118831670068,-53.94799047404059,-53.72757991973812,-52.239808187511066,-51.99045743140507,-51.766851623123664,-51.5019513405054,-51.262039645813914,-51.01339349599818,-50.72229096581929,-50.455021967740734,-50.17790389816399,-49.89063755511254,-49.59300615983917,-49.31825479989008,-48.99982254602715,-48.671435019037276,-48.36723475811663,-46.63714784836548,-45.73398385451695,-44.584653837113216,-43.42485794775083,-42.2584856120219,-40.85819619273837,-39.999428866445385,-39.061060992867965,-38.05912318427298,-37.92313147727428,-37.86450128917164,-37.09340974837098,-36.29123751305862,-36.16341068233774,-37.26580567502158,-39.24498754494673,-39.645915752881365,NaN
-60.04271786216914,-59.94348293233968,-58.1355460939464,-57.98069675539604,-57.82291098381977,-57.70876475061378,-57.54483219814667,-57.37768604278428,-57.20723144815656,-57.08004007125797,-56.90268432678799,-56.72173859393943,-56.2613007335177,-56.06316775352514,-55.90727233575,-54.15689769823421,-53.972050752759635,-53.74833564077458,-52.39349370006395,-52.15024447304156,-51.93338026133406,-51.70928313638127,-51.44433899709479,-51.20494504822878,-50.957520264568316,-50.701853251883705,-50.437788970877804,-50.165256317014155,-49.8843059238392,-49.59516182978176,-49.331625199149165,-49.06116980695109,-48.485070766640376,-45.956305739090524,-45.0836481079169,-44.20274580496744,-43.08315656496049,-41.72914922160678,-40.91343710246121,-40.11091425180571,-39.23228448178729,-38.780726907021815,-38.671341005313096,-38.539802332470956,-37.77020309821701,-37.06913863104752,-36.953537190338324,-38.03513716761207,-39.92446654876042,-40.24470003251341,NaN
-60.22863466592285,-60.08611204284093,-58.265844846018744,-58.11439124399485,-58.00689042922218,-57.849938183033466,-57.69013066796266,-57.57406512435016,-57.08840978716613,-56.911042943747326,-56.776764258677744,-55.05644900867593,-54.86286323830584,-54.69820702438974,-54.49566888311482,-54.32177180454264,-54.10970887397771,-53.926012964214365,-52.556962862623344,-52.32035446964956,-52.1108052283607,-51.89478570779358,-51.63878399814153,-51.40931543881611,-51.172935639641956,-50.92959118846516,-50.67930944120934,-50.455562557692076,-50.19197482986512,-49.922376359203284,-49.414206932222555,-48.635274789926164,-47.853875725888074,-45.52385307269412,-44.68107763294486,-43.60062171215528,-42.518969933596445,-41.84045644474607,-41.07084996611937,-40.317560588835086,-39.61971476965342,-39.47797522229822,-39.413970024433056,-39.049245748958526,-38.39380499882748,-37.791175207793344,-37.690472290907685,-38.761482380638945,-40.60214379612587,-40.85673609514692,NaN
-60.37516810679243,-60.236292481740044,-58.403523866988294,-58.302419839985426,-57.833967995255975,-57.6735165665684,-57.55678766544333,-55.86007031538751,-55.68619769520691,-55.542080799608584,-55.36094293505219,-55.209340461082675,-55.02049723733334,-54.86097273725575,-54.663997249749215,-54.49614094670325,-54.29065029118198,-54.114118632775046,-52.696205936988534,-52.50002211632117,-52.298258029464634,-52.09080379876086,-51.87757927826688,-51.65854546398287,-51.43371930554008,-51.203192895922534,-50.96715828129206,-50.72593945491728,-50.48003347492491,-49.73016305650099,-48.97734338545501,-48.45629950816992,-47.46890393427599,-45.102261619485205,-44.288137467807786,-43.239529693315156,-42.59298054081373,-41.952674974704514,-41.22391541369301,-40.51320063665367,-40.218181043920026,-40.1174168455129,-40.059874626270656,-39.6041446682884,-38.96745254437553,-38.46131755302163,-38.3774530668813,-39.422080946226686,-41.204623434951635,-41.42910425195069,NaN
-60.21158299112604,-60.06964842686726,-58.26368209455623,-56.58595455749208,-56.42821024214903,-56.30084016535266,-56.13709281017584,-55.970215978380004,-55.83345737733231,-55.6600653715763,-55.51662327179923,-55.33638387679274,-55.18593766258253,-54.99854802783072,-54.84082035667298,-54.64603835033158,-54.48083444171163,-54.311861144279725,-52.87718955489873,-52.68845926184387,-52.49484914703028,-52.296331096620186,-52.09291711858105,-51.884671844594344,-51.67172836354868,-51.454308232634126,-51.2327467002189,-50.74085771575039,-50.01264017879546,-49.282327055940385,-48.78444573588444,-48.05389118038626,-47.32601286487601,-44.92125588848405,-43.90082939694258,-43.28179586100899,-42.66728038844532,-42.06118941856209,-41.36827628551217,-40.92414369338964,-40.825143353744224,-40.72813226554476,-40.70005929184024,-40.117390915248464,-39.585439329885034,-39.08437960630905,-38.9954397718489,-40.0426150813176,-41.80112406770655,-41.98187960818382,NaN
-58.818787242182765,-58.71020671610384,-56.840493816354474,-56.68851890872816,-56.56719046179282,-56.40977420554849,-56.24953640971003,-56.11974453740949,-55.95366805732161,-55.81791278246251,-55.645755445091886,-55.50381189349065,-55.3253723083258,-55.17707018438806,-58.13233568910206,-57.98390332293715,-55.005957586080555,-54.83101773280116,-53.06586824538152,-52.88486848890681,-52.69968403032935,-52.51036236917614,-52.316999517061134,-52.11975302723903,-51.9188581419434,-51.44798107943998,-50.97424359649622,-50.26491973317102,-49.78747238397996,-49.076263999785986,-48.365942238267635,-47.65816763889487,-46.95501624129362,-44.51114567868234,-43.915914477795205,-43.424042922315365,-42.83848286129387,-42.26279693690822,-41.60117554605242,-41.478398036611075,-41.37971388893181,-41.31062333804029,-41.15655006409023,-40.592422693486334,-40.07221338704605,-39.66517717152331,-39.59554709841348,-40.62612955530625,-42.34562935064466,-42.51369840859517,NaN
-58.93412805820723,-58.82866134915733,-56.94498376268516,-56.79607241311575,-56.678003158769165,-56.524057987421564,-56.400854383500146,-56.24167949711712,-56.11315782577377,-55.948585778933676,-55.81459983677098,-58.77999212451404,-58.6460047981655,-58.47635651888538,-57.3520356234048,-57.23393317083549,-55.22116461404152,-55.08986158564992,-53.261528525852434,-53.08845555524124,-52.91187744977417,-52.731909967582354,-52.548723729802,-52.09589060958812,-51.640399588295,-51.18267593516337,-50.72327094930958,-50.029556189879884,-49.56908941835842,-48.876319344708484,-48.18596264500414,-47.49971951646229,-46.715890058687656,-44.60278794839226,-44.03083119978673,-43.46371200502739,-43.004159412956696,-42.45537088313185,-42.08100033477467,-41.95510033609476,-41.88200450997947,-41.83614099062076,-41.58177813368346,-41.03271943512957,-40.611982724671634,-40.208179813864646,-40.135316384614384,-41.1758184306347,-42.86285398152774,-43.00101834653935,NaN
-59.08731026738099,-58.95176541142211,-57.0540821771536,-56.941719778980996,-56.793733796517174,-56.6767557467026,-56.52408752195335,-56.36903572012453,-59.376672700335156,-59.22174510212196,-59.09809731443533,-57.97203306096782,-57.83110451638688,-57.723023199557105,-57.58136322671934,-57.47307859895915,-55.47841505552962,-55.357576978870625,-53.46346521457752,-53.26510699572297,-53.09723249997484,-52.92668431384188,-52.487030939042654,-51.81191279074463,-51.368390616002515,-50.92363002990734,-50.47825586486612,-49.79970998689769,-49.1222794602234,-48.68046173576709,-48.00899985283109,-47.24757718933531,-46.73420797842135,-44.694195069609755,-44.143598579190936,-43.59891522461389,-43.16263012230964,-42.63758179832955,-42.54693465693644,-42.444115358428306,-42.39270566741892,-42.33628871648123,-41.97825318118008,-41.53156989922331,-41.118565821296485,-40.71739407448252,-40.64189943935815,-41.67142862320034,-43.35450627487177,-43.46764090011666,NaN
-59.21144157201224,-59.07927692629047,-57.167571705635666,-57.05855942920523,-56.91412818870708,-56.800925443863804,-59.78545135041794,-59.672771372516955,-59.524967326430364,-58.41422677188527,-58.282026780204895,-58.182771828338005,-58.083332674682985,-57.95061676305068,-57.85157420945674,-57.75320478520655,-55.74342327012951,-55.59978799503111,-53.637656427038046,-53.480732686996326,-53.05491740848905,-52.62710491128363,-52.197584675180714,-51.766719958011564,-51.1016284266558,-50.66953169018539,-50.23777391867934,-49.57384298268971,-48.9120607359953,-48.48694216109365,-47.74463928460095,-47.250944373630375,-46.75797540743968,-44.78380180783487,-44.25271867910369,-43.82830056671067,-43.312786430138665,-43.06867792518589,-42.96870483864409,-42.88576291492651,-42.852820518761604,-42.81279413719921,-42.348397998534814,-41.91197939803174,-41.50535723406583,-41.1963514900527,-41.14202415096145,-42.16247817636892,-43.822394084424715,-43.91441013310052,NaN
-59.339629523433,-59.21095392318303,-57.31856364287193,-60.30994388858105,-60.206840106396,-60.06880327091974,-58.95626147543982,-58.83227003191618,-58.741152047757076,-58.61638999680457,-58.5248251172638,-58.39999462116558,-58.30880284057328,-58.218193071775225,-58.12848689228071,-58.00672440683089,-55.981931974805846,-55.88215574089858,-53.58343716407717,-53.16793997753272,-52.75080680215864,-52.33230860919074,-51.9127791803705,-51.49262611637879,-51.07234345355256,-50.41919265917428,-50.00055204669708,-49.350601215245554,-48.9370069568658,-48.211182500903,-47.73492336752711,-47.25914767206561,-46.78530813674258,-44.87039905076004,-44.35708666925341,-43.95093548952056,-43.58394780778956,-43.488318291634904,-43.406397572764035,-43.34063511627482,-43.293500030050495,-43.14738118823905,-42.694471640625835,-42.35664622511644,-41.95534467737119,-41.64814090600413,-41.59201156555015,-42.60488374328673,-44.26830089620739,-44.34235931000095,NaN
-62.5994516868169,-62.47830546867738,-60.57610570515868,-60.445244134820456,-59.345736912829345,-59.228584272379365,-59.14438635508511,-59.026606295895554,-58.94206129052147,-58.857592232889985,-58.74006712068845,-58.656384959650474,-58.54014690584831,-58.45832806121501,-58.37795001396744,-58.29942089219873,-55.99305312019427,-55.87038636472322,-53.50017148740284,-53.0927060889713,-52.684154202380945,-52.27482198878678,-51.63174471822511,-51.22203002485601,-50.81286905646241,-50.17154886133666,-49.76546594803654,-49.12880750915569,-48.65064547852013,-48.18993049074869,-47.72952684612771,-47.2706277603982,-46.81463777811825,-44.95307226167673,-44.5559121466726,-44.0662105842732,-43.94574930863306,-43.86644861449164,-43.800332067543124,-43.749475857811106,-43.71594266054755,-43.46170185913303,-43.10854040598362,-42.687971057771165,-42.38114664729601,-42.07545649045671,-42.01781351134284,-43.04762576102346,-44.670588576399155,-44.75259702584991,NaN
-62.74452694533736,-61.65036248280441,-59.71626013340755,-59.60525559105888,-59.527271660800096,-59.41575534830162,-59.33750405660325,-59.2593345604408,-59.14808563245751,-59.07062103214264,-58.96049957393331,-58.88464566358758,-58.81002036491066,-58.7369597320004,-58.63251381505925,-58.29711975336096,-59.229716066402574,-55.521123347724455,-53.70128668101516,-53.29360335987389,-54.49034851668873,-51.9872314903461,-51.58701691875837,-51.18741664330325,-50.555641141277704,-50.15899075369199,-49.5315335156648,-49.065931643967744,-48.61915115636915,-48.17255857781682,-47.82714552241172,-47.38407117552561,-46.944675156172615,-45.03114691698594,-44.648652706789704,-44.403761978348236,-44.32805515996433,-44.23321048623243,-44.18097136122416,-44.14310244264054,-44.121334910436985,-43.75730281301842,-43.41247400208463,-43.088080700919875,-42.78505584516473,-42.48064830306328,-42.42172268875458,-43.44609789616702,-45.077501186181365,-45.14623920695194,NaN
-61.90287298818291,-61.838379179554714,-59.89171584343338,-59.81918110281518,-59.713268487309264,-59.6407749400815,-59.535182112882005,-59.463325352139904,-59.358729654535885,-59.28827929745868,-59.218887853908676,-59.11750197231344,-59.051105639186616,-58.720058312997054,-61.63973659149092,-59.97258509980801,-57.84669692722573,-55.455468961982476,-53.61286681371478,-54.83056841418477,-54.46645923443222,-51.70218494547259,-51.311203946743305,-50.92135616882581,-50.533195179039204,-49.91402430686553,-49.45951164303364,-49.02528669996876,-48.69116041977397,-48.257965532734346,-47.82666923336282,-47.39838344720392,-46.97437265732292,-45.20414164875366,-44.834959228644834,-44.73341002135208,-44.67089333846997,-44.58887569405388,-44.54886148294898,-44.52235542799015,-44.39081751549011,-44.125612152039245,-43.78795435292325,-43.46885672892401,-43.16908165440815,-42.86576974020326,-42.805748480517735,-43.82546363280051,-45.44382155332246,-45.50103646887618,NaN
-62.08978384743801,-62.03035669871164,-60.07118266109692,-60.003827647797216,-59.90335622012989,-59.836580555479955,-59.73699830566647,-59.67146156437681,-59.60684611783144,-59.51005434504481,-59.448018470179825,-59.12103753875307,-59.02944815828141,-61.961188653506596,-60.28199526275027,-59.94286959496002,-57.56811666402918,-56.69728583519875,-56.35903982939578,-56.024927241182326,-53.51872397216245,-53.16217061325672,-52.882380502336176,-50.889834572092646,-50.27816135210889,-49.83350320456877,-49.410644859199934,-49.08782029942337,-48.66573541221086,-48.245205158390384,-47.92716180716787,-47.51266151890292,-48.546850475136814,-46.77370666554803,-46.50558679634919,-46.40638030915728,-45.00440657413164,-44.933799167648324,-44.90459018576622,-44.88806723504719,-45.89340887151308,-45.52342243539472,-45.17394872025129,-44.84620715760026,-44.541148262213476,-44.32605640810205,-44.29114845005681,-44.256207529867005,-45.81753852243501,-45.86468597611298,NaN
-62.28030448695442,-62.22597048139268,-60.254339656184456,-60.19218739359914,-60.09717210908496,-60.036119779613315,-63.1814130306544,-61.161988074667384,-61.1006769043773,-60.77413911417617,-60.682660291980326,-63.60919385330413,-61.943909975274536,-61.605187759847226,-61.50184589969387,-57.87140389236438,-58.26043608819676,-57.92488044273685,-57.59332382182893,-55.083000984805906,-54.72952694220389,-54.45083581970007,-53.1872292179442,-50.625582815032544,-50.18973390163471,-49.777210785189865,-49.46467416718912,-49.05272748570514,-48.74206353652313,-48.33347111567853,-47.92784052310838,-50.36359680326175,-50.65167726264571,-48.91216811539429,-48.75312503555428,-48.60279986824033,-45.328815974231915,-45.26838556808634,-45.248759331396904,-45.21104315724645,-47.864320949702204,-47.47494037352505,-47.19801124537459,-46.855971340299874,-46.54132290025973,-46.32282281363043,-46.2913231417142,-46.265971810308486,-46.22735170962219,-46.21482096543502,NaN
-62.47413550324891,-62.4249035806732,-60.44087288672399,-60.38392747121451,-63.498289613710284,-63.45020171416033,-63.40363131443027,-61.37125922596936,-61.04991443814319,-63.97529353388039,-62.55910872819401,-62.22426681176041,-61.89112627528998,-61.56002520343524,-59.463750361130366,-58.32901682686998,-58.23253169361488,-57.90654381226782,-55.395468663093745,-55.04793299607466,-54.539999641687025,-53.514777945989884,-53.17441879339412,-50.52979087898622,-50.12670318823315,-49.8235675454103,-49.5209037664152,-49.11930553867901,-48.71944581266217,-48.42208139470466,-50.8892240913352,-52.34354052706204,-49.30631731706263,-49.153575923471166,-49.0080913209625,-48.80931978646513,-47.34974314093768,-46.91315635874148,-46.870216363713624,-46.809614346418535,-48.072884256312584,-47.78239233854646,-47.42273673774481,-47.17611951947267,-46.864831402502375,-46.647471551757974,-46.614831625797414,-46.58611995409231,-46.56881977509204,-46.52900696354671,NaN
-62.67098485484746,-63.1978335578792,-64.3981080247847,-64.34729225777927,-64.29774101971287,-64.21633727453954,-62.67084321929805,-62.58450231834377,-65.51687399028393,-63.85288036528246,-63.51996952895112,-63.42208960946377,-59.79974766202482,-61.00496074558947,-58.619835170504444,-62.65962483343978,-57.900426157499396,-57.61327738718895,-57.33255234026034,-59.38591337788023,-56.1773702669182,-55.91730602730024,-51.297926141411615,-50.46061907340822,-50.166104623096224,-49.871968130462676,-49.478722078458645,-49.18694493276921,-48.79728497679881,-48.51046326292028,-50.93722790264849,-52.41183430427699,-51.497881949241986,-51.32581216919455,-51.1608818140492,-49.18104293813899,-47.625707908833476,-47.21421118996484,-47.15028485273098,-49.26546623730819,-50.07993677826711,-49.682019875634495,-49.39674911969287,-49.1373878020336,-48.817575500200704,-48.59719039719127,-48.56757577110039,-48.547388323629285,-49.75452684101003,-46.85474199366566,NaN
-66.63747325037573,-66.59925296872981,-64.59173354815995,-64.54658995108555,-63.00672818265141,-62.92339083005655,-65.85453380913658,-64.20502060308091,-64.10884733362424,-63.780770555784244,-63.45439159643045,-60.01196319365533,-61.28619837256185,-60.97938383101787,-62.97797498177855,-60.5143505122298,-57.91657655836805,-57.63917032994198,-59.6976453858391,-58.78409306871047,-56.22915075526437,-51.60953738305672,-51.32773074549001,-50.493687682177075,-50.20740840082497,-49.921877159352405,-49.53759464579932,-49.255120102703074,-48.87507389713993,-51.33102966268856,-52.90707070114505,-51.8704459387041,-51.70496714316798,-51.545438749961086,-51.33619435637517,-51.16865796398472,-47.57316039593031,-47.50742631305387,-47.45161817926239,-51.54604610178485,-50.25975118689786,-49.96002986651947,-49.68150853139804,-49.33721877935056,-49.11057337451806,-48.8912681732701,-48.86057362824242,-48.86055260103748,-50.034260295157075,-47.146125739971545,NaN
-66.84066857686432,-66.80794756209312,-63.56174698971692,-63.24791361760179,-66.17811897348473,-66.10903490303494,-64.44885142221219,-64.12379946633348,-64.03352010955756,-60.42090326295414,-61.63053492369212,-61.32449547256442,-61.25508087020291,-65.38471573540875,-60.813611637690286,-60.58298538668953,-57.997756513586936,-59.997109067054176,-59.08412719193193,-58.86354874464059,-51.90866595839815,-51.633979522535476,-51.25998643322661,-50.528530476330175,-50.250143307642816,-49.87282359016085,-49.59705688502566,-49.2233804220059,-51.80655774880277,-53.28436586245084,-51.63562649129997,-52.06576007562002,-51.91181200283647,-51.763901062963036,-49.79851349415772,-48.25638457976074,-47.85100577012672,-47.79309609129563,-47.74462152396911,-51.71353644850944,-50.52129245635883,-50.22894148723807,-49.86648032050132,-49.61673963698825,-49.39293339243028,-49.17459615471343,-49.142933630758996,-49.14007342886818,-50.32785860349441,-47.427196609194844,NaN
-67.04684535384523,-65.52107176216519,-63.48254452489653,-66.42143924466933,-64.77454084010724,-64.685723194575,-64.36480098022133,-64.04531909537192,-60.614239420833314,-61.88931354779956,-61.58711289534929,-65.64440418959664,-65.45059857382782,-63.223330388448396,-60.87283465784968,-60.714957792672365,-60.28520956352881,-59.372673760526276,-59.152215599879995,-56.2980033089559,-51.928167955604216,-51.56069394090694,-51.29421950863196,-50.56473064244107,-50.29389220783504,-49.92439497350096,-49.65670698430667,-49.291341649836994,-51.837909811691404,-53.33256327616668,-52.40948543483441,-52.26116626616957,-52.11795276555501,-51.927858167170164,-51.73799849507014,-48.47699082727546,-48.09231946682573,-48.041520349730064,-47.99968976315934,-50.74618804425231,-50.68494747496201,-50.399249370394024,-50.13225110444852,-49.886607793920426,-49.66535779687952,-49.44789195918012,-49.415358021348155,-49.40994155896026,-50.589214696088725,-47.72193603221574,NaN
-65.75247647759257,-68.70051134092557,-65.32034616452688,-65.00096722715575,-64.68264413351096,-64.5988907789594,-60.99454130761865,-63.008877833718245,-62.13993515892544,-61.84126171686496,-65.93169645876142,-63.48966671601155,-63.271431888779226,-63.294343045213424,-60.9944602851033,-63.056231469321894,-59.65056450824632,-59.430179768317885,-56.57613221961964,-56.234887838348854,-51.94978205313521,-51.58925952820323,-51.33000476441914,-50.601917135299715,-50.3382874430063,-49.9762318045018,-49.716199133178876,-52.188323191076286,-53.78411108843151,-52.05753662642549,-52.594620839475674,-52.45623095845188,-52.323013990746894,-50.33969904827365,-48.80948746244997,-48.409427398167345,-48.35731950701062,-48.312998224501136,-50.40496772751726,-51.226361343891746,-50.931091671662074,-50.6514198748166,-50.389364451080404,-50.14742601243159,-49.92848673133212,-49.711808536435406,-49.678486943272716,-49.67075975320736,-50.84218099901869,-48.031679582929016,NaN
-68.93361341897528,-67.29936981344598,-65.22135789985428,-64.90660199936534,-64.59308387307541,-61.221549180436405,-62.44760300009147,-62.14953314147152,-62.08744150502264,-66.20914015797544,-63.760091751350984,-63.54304600003804,-63.33340446775026,-63.42654445570194,-63.32890366034334,-62.47031681145708,-59.69819569750025,-56.84418956654402,-56.511476099806416,-56.17789429600983,-51.87313227662657,-51.6192966213504,-51.36696203050994,-50.63976096177369,-50.383006298966706,-50.02802211332335,-52.624130068777475,-54.12126443219484,-53.824575375563334,-52.943233130849876,-52.77970015496904,-52.65059693855751,-52.446867328377216,-52.294214126318934,-49.04326124773948,-48.662076999220226,-48.616229528891225,-48.54782389214902,-52.63877663794548,-51.459017662264806,-51.1700859213705,-50.89589098158023,-50.63832350051864,-50.39974721638383,-50.182904489031074,-49.96694091519454,-49.93290468960511,-49.92308093514333,-51.087238525011784,-48.28355281210463,NaN
-67.51646694805129,-67.2147816229045,-65.12456513350939,-61.527326143665775,-62.744145617064405,-62.68019018539658,-62.385204624730825,-66.44295895649276,-66.47734590751769,-64.021495214018,-63.80547464120838,-63.59647971080048,-65.70502444535153,NaN,-62.73211234488559,-63.29001547342101,-57.82482967457909,-58.506044520617515,-58.15941977208836,-57.81180576511878,-53.5612362823523,-53.291343874665095,-53.0226912132689,-50.67797151120592,-50.427766645632886,-50.07949638154135,-52.642140435523814,-54.25355105042673,-53.247991313967205,-53.08928375079142,-52.96438619034314,-52.84397137477891,-50.870877422151175,-52.50909526556423,-48.956008867761966,-48.87937720296437,-48.83927440635533,-48.80628367420611,-52.772555977286785,-51.59542148415152,-51.3122747908859,-51.04307294408103,-50.789593781342525,-50.55407903853664,-50.33914518232875,-50.21383226162433,-50.20247870588709,-50.19074607058368,-51.370315017034216,-48.55089056019195,NaN
-67.42929405516108,-67.13204878254244,-61.73882600268148,-62.96717424018102,-62.67280872364003,-62.61401382203742,-66.70147870180304,-64.34279846806764,-64.274433244917,-64.05929557951487,-63.85083216089489,-65.9621429192497,-65.11290372386951,-65.18695480385661,-63.541196038035196,-59.73976815668154,-61.21977997413295,-58.425144390530136,-58.08574485866766,-53.932224865608966,-53.56775002939225,-53.30437043262659,-51.44307601367975,-50.71629301250517,-50.47232281774202,-52.957653216394796,-54.56991520301992,-52.95581779572941,-53.41585417519123,-53.26518594733989,-53.14839810987382,-52.958804573478,-51.10023124530365,-49.57066885842771,-49.1625869601626,-49.121497757233755,-49.08667707990984,-49.02865414544711,-51.78013557871758,-51.8158372712234,-51.537985705738244,-51.27334939599354,-51.02360604990694,-50.79088803368629,-50.57769784218387,-50.45297928559222,-50.44103135628865,-50.42755504742249,-51.599492943103805,-51.65002545141193,NaN
-64.05815696707381,-63.941079522557445,-63.18411935465421,-62.89247114293994,-62.83632837836409,-66.95198573472548,-64.50636167555656,-64.28608081879753,-64.3050355793925,-64.15518701166614,-66.21090168521273,-65.36025558718254,-65.19937767874318,-66.00517350379778,-59.98140924125575,-62.69198310805058,-59.131645504330855,-58.35000593510203,-54.19378995500409,-53.93441047612102,-53.676002254541515,-51.715002142415585,-51.73802168125862,NaN,-53.36123824605213,-54.874497945782274,-54.595986295614956,-53.70022863091953,-53.58376469822745,-53.44067252587585,-53.331503099306275,-51.367163611678656,-53.01510967552741,-49.7565061225403,-49.39458211282546,-49.35861054901844,-49.29865630121761,-51.396531123001104,-52.224805895502016,-52.03052075802412,-51.75752874356509,-51.49707871901599,-51.25075904993296,-51.0206035357196,-50.809010980423174,-50.68483704651069,-50.67234448586574,-50.65727053267886,-51.82212881947553,-51.86881016931171,NaN
-66.30301889738193,-65.4562161311377,-63.1061653124766,-67.16452229040426,-67.19493124391276,-64.74293040327801,-64.523570188094,-64.54317603229903,-64.39324700319295,-66.45181234801325,-65.5997825634012,-65.4373667645364,-66.24097489973265,-61.43659570520829,-62.933072849479345,-60.60416875326814,-61.43906845715779,-54.4465538717977,-54.19197408271397,-56.196549122952426,-54.29381134498266,-54.278738779486545,-53.90346612767488,-50.79240001682236,-53.36833361371256,-54.993899704607564,-53.29647890018824,-53.8608491581665,-53.72147009759282,-53.61551877916872,-53.43825166679,-51.58362058951397,-50.034023770457566,-49.65871191563396,-49.59212523901763,-49.56088721997389,-49.53542506490705,-53.595485042813955,-52.42898276059359,-52.149717812569456,-51.8811968471859,-51.714595538725455,-51.47142213356369,-51.243621160933316,-51.033496657964136,-50.90982321634441,-50.89683015544662,-50.88028814247706,-52.038562134841214,-52.08166758347646,NaN
-65.4327044497991,-65.39103352006975,-67.3994524477115,-67.4307314605596,-64.97254659869868,-64.75399535961962,-64.5408245253834,-64.62411196806465,-66.68534209821762,-65.83195449655304,-65.66805649878836,-66.46958531523775,-61.66341001557495,-64.38940289393462,-60.843753812892786,-63.09685349325163,-54.69108031838526,-54.44102845884697,-56.926068730832085,-56.1677079922348,-54.54638238834285,-54.27603786245566,-53.57921915257281,-53.65519442281101,-55.28136920467559,-55.01423545502644,-54.127121738438746,-54.02143587312761,-53.88875518570673,-53.759536538608984,-53.620654158322175,-53.459703974403425,-50.23767810375,-49.84735592926423,-49.815349737314385,-49.788497404121415,-49.73718955618179,-53.70310549532693,-52.62829447080851,-52.35366380644946,-52.089266311994855,-51.8362122619625,-51.685937713357625,-51.46030597360538,-51.25153410583313,-51.12832185743044,-51.11486759598081,-51.0969729409464,-52.24910903116276,-52.31221997054799,NaN
-65.59742931077274,-69.72030465960141,-65.26541946666242,-65.19559023286726,-64.97774935749432,-64.7650524542752,-64.84819256654914,-66.91191858715149,-66.0572009347546,-65.89187429479281,-66.45809109996895,-61.88347874437939,-64.61574415683886,-62.30040351083972,-63.34068134647484,-56.3111205746412,-56.99190405240555,-59.447540337410985,-59.13082718525903,-54.54571239389258,-54.53937262021827,-53.85846550814513,-56.403993056001056,-55.659030466596924,-55.29567501370009,-54.41322024291936,-54.28118064271217,-54.151783871385945,-54.05543740096632,-53.88900873774487,-52.03787332760189,-53.64883153342794,-50.09449953220665,-50.0621371667478,-50.004389675033735,-49.981607445593085,-49.844148484229116,-52.69030033663339,-52.73292672357138,-52.552583348230776,-52.29199744561734,-52.04222059983422,-51.894623532654336,-51.670995336865715,-51.46347294550076,-51.34068676983972,-51.32680642887244,-51.3076622910881,-52.45406405526769,-52.51407135345562,NaN
-69.94566881253874,-67.5089987004655,-65.41241212055067,-65.19519434659335,-64.9828987688903,-64.83253278127339,-67.13193416699228,-66.275915527421,-66.10921164909963,-66.67354339407328,-62.09719068767317,-64.83539502919923,-62.52536097977608,-64.80318950513119,-56.54408099474258,-57.69209682906763,-59.69580816619501,-59.385123369626086,-54.79509910700333,-54.79404753241133,-54.53376623655885,-56.694064375029235,-56.35612651443648,-55.66779823307114,-54.07891539757844,-54.561279406559194,-54.43515068160087,-54.311717376992746,-54.19136247168681,-54.06239354092028,-53.90643565691862,-50.69026084035261,-50.30140421291311,-50.24316059851015,-50.219378404682125,-50.170379486174916,-52.27331269567653,-52.795035705494456,-52.92305917930349,-52.656690273336636,-52.48963532842623,-52.24289304127338,-52.00777475295109,-51.87600147495196,-51.669636052610464,-51.54724445862948,-51.532969529707216,-51.512668417027946,-52.6770351472109,-52.71080867479763,NaN
-67.72218526164838,-67.51341501240343,-65.40666468009832,-65.19470659405853,-67.29082748598007,-67.34574959009915,-66.48845984944964,-66.32042799757961,-66.88296190616921,-62.30490204254504,-65.04873728651364,-62.74370892751567,-65.03192446025172,-57.99828576900135,-57.922344649759964,-60.40257301625963,-59.73129581100439,-55.136631936484676,-55.140589953164344,-54.78443600842583,-54.10294277190275,-56.64217378928085,-58.21367456298096,-55.67736717133594,-54.80227132370143,-54.67937327473694,-54.58886356101776,-54.47108607587252,-54.31425849051154,-52.436241785509885,-54.08606684970804,-50.85062257282688,-50.50492904613095,-50.45053232953036,-50.40044752168595,-50.38497083709784,-54.44538931602487,-53.289692116540316,-53.10886496670705,-52.84618781229054,-52.592410625261444,-52.43848425622964,-52.20566586370926,-52.07561377355659,-51.87032210469436,-51.74829676641099,-51.73365557596688,-51.712280704360836,-52.87161185465422,-52.90266960804481,NaN
-67.72136488859155,-67.75100048662848,-65.45581739893959,-67.49945043692163,-67.5536972462962,-66.69516673800638,-66.52585407518451,-67.08667153840803,-62.50693994414212,-65.25612113146268,-62.95582222968667,-65.25387219672545,-58.2173454240919,-59.47602284575691,-60.73478335489077,-60.44064542788426,-55.370773706392804,-55.37948267798099,-55.12726964728566,-54.45988987155076,-57.018571207584266,-58.59241483131082,-59.29640907844004,-54.3598809228975,-54.94494018017301,-54.82734138548982,-54.7121738953819,-54.59976189615768,-54.47961738824513,-52.62863241684797,-51.08736934960699,-50.729854860107146,-50.675157677665176,-50.624358506666105,-50.607726090829374,-50.565533568653315,-54.53219198128207,-53.467554723987206,-53.20051041250831,-53.03126888021269,-52.78054041415435,-52.629232417104014,-52.398552423904576,-52.27010084419253,-52.06580784959229,-51.94412321169446,-51.92914131544723,-51.9067677645142,-53.06136676974031,-53.08987698897916,NaN
-67.72035047918668,-67.80970150180349,-67.70251194716931,NaN,-66.89634321328924,-66.72579485293755,-67.28497193066823,-62.70360553679896,-65.4578685603835,-63.16204495204396,-65.46941924375193,-62.3106051615252,-59.69269584249234,-59.435071424193225,-60.67092288880524,-60.38237593268501,-55.35196666413657,-55.36272011124645,NaN,-57.28589770431698,-56.96660640299295,-61.84414246975216,-56.04082401491518,-55.17231086662787,-55.057592981284486,-54.975043891466065,-54.8649564569374,-54.71669051129775,-52.84147187639222,-54.4994896615479,-51.268534007074535,-50.893383621088105,-50.872175094773915,-50.82474447255078,-50.781340083944414,-52.8929884889032,-53.50257625121801,-53.551670117339434,-53.378154936566006,-53.212116445874784,-52.96422900885679,-52.8153604334081,-52.58667264665796,-52.4597123769571,-52.256350127392196,-52.13498306875225,-52.119683588197425,-52.09637928751027,-53.246523522880125,-53.28567798402319,NaN
-68.0069043243469,-70.06843804147985,-67.03669288977548,-67.09227304297433,-66.9205321135002,-67.47813998399569,-62.89517665083552,-65.65427629556385,-63.3626936145475,-65.67892039487641,-62.62385981208758,-59.903307234391285,-59.649590340213265,-62.128868966085776,-60.61055661457297,-56.05619824377295,-55.59120411196003,-55.347083100827405,-54.67829858491027,-57.23050548994287,-58.81736119030181,-61.75370616983916,-55.421916459852284,-55.31003659191655,-55.200095762789545,-55.09235920492865,-54.98710374522799,-54.87486243936861,-53.02515552049381,-51.49165039975767,-51.41744822838503,-51.084000067446965,-51.03606675749282,-50.991794117251814,-50.981411983352075,-53.058675164225825,-53.67747833768889,-53.722168374246195,-53.5519510676958,-53.29890394996299,-53.14366875979557,-52.90707709882535,-52.77024883911147,-52.55468080415719,-52.442187674993306,-52.32111722039871,-52.30552113108261,-52.30468103892295,-53.42729133738692,-53.486905720180815,NaN
-70.26275493403148,-69.41115259656092,-67.28321900046325,-67.11032671668448,-67.66643208029315,-63.08191014411729,-65.84561834841664,-63.55806003726328,-65.88270205129638,-62.83120011626779,-60.10818102084375,-59.85818852640372,-62.34562212239156,-62.06870349384763,-56.27256376477852,-56.39794173513465,-55.67234368397319,-55.01622842774722,-57.58616109093284,-59.17491316843279,-62.146299596964305,-57.24552421044385,-55.52506669285958,-55.447709840466295,-55.34233110019801,-55.239181902271405,-55.098596437516605,-53.22590117968704,-54.86149675032205,-51.664594375620844,-51.289964191470126,-51.2417730199397,-51.196917910754124,-51.18560938838168,-51.1480605150027,-55.20944518687082,-54.062691715320454,-53.889175194724075,-53.632044546459184,-53.47179575056636,-53.31904082362458,-53.08457815254735,-52.94948870978719,-52.7352227952115,-52.62354273896293,-52.50274981117158,-52.48687619063983,-52.4852230214457,-53.60386615055203,-53.660780805344984,NaN
-69.59943161707146,-69.66633522527108,-67.2954205980817,-67.85008604056299,-65.64520785721545,-66.03214826757795,-63.74841383031708,-66.08106514108623,-63.032941627845965,-60.307616354113684,-60.06117720740655,-62.55639703712032,-62.283589560676674,-57.82168794950487,-56.61204977523834,-56.3808621665736,-55.24716276256204,-57.8340326530645,-57.53069440919997,-62.429565414444866,-58.83571589643982,-57.91812982206462,-55.65824672110178,-55.5552176703833,-55.45419629891881,-55.35542086183875,-55.25029694416585,-53.401753017245134,-55.02365526453075,-51.805539114066725,-51.44197126786957,-51.426772004279684,-51.38481304383336,-51.34628992799422,-51.311400482739515,-55.279321109361995,-54.22318866978278,-54.05281176628118,-53.798574489412836,-53.640947580086866,-53.40051589547226,-53.25804725842878,-53.12458655528529,-52.91154060121385,-52.80062251925285,-52.680089724924066,-52.66395596679412,-52.66154081945365,-53.77643164096188,-53.83080563384565,NaN
-69.84891279380048,-69.68701101365127,-68.0293228573807,-65.82220769291163,-66.21410111702096,-63.93400457966898,-66.37428767655847,NaN,-59.085925412807015,-60.2588442114753,-62.761504890779804,-62.59263171492813,-58.02587211136128,-57.80217041952241,-56.59199114704904,-56.364755668615885,-55.212221361387144,-57.775612085809854,-59.375779171775,-62.33751808945624,-57.46975948643015,-58.01380905917463,-55.79134825319353,-55.69246056049255,-55.59560177568189,-55.461943628555176,-53.5915348256401,-55.23414960131661,-52.01092372734516,-51.666788992677986,-51.62144459801485,-51.57906669011895,-51.53983546976592,-51.503932810743564,-53.6190199474942,-54.23564731569928,-54.38062262541466,-54.123194712738055,-53.96167359556959,-53.806507002335465,-53.56825490073858,-53.42765690647261,-53.29572433753097,-53.08382326560541,-52.97362046357067,-52.85333190777507,-52.836953907229194,-52.833823476341635,-53.94516016887345,-53.99713949369863,NaN
-69.8639270040582,-70.42916816086841,-65.9951041011742,-66.391695221969,-64.11506377196137,-66.56262700171176,-68.43544275650662,-61.44755488670547,-62.60858421204634,-65.20308766680084,-64.92248846397098,-64.64238167333451,-60.098339965032324,-60.119246689483134,-56.572892897605996,-56.033040981411155,-60.14243632289911,-61.72725160321523,-64.70404338700321,-61.12283478936208,-60.19575975140294,-60.02406032867402,-55.89427522779156,-55.79935100135952,-55.70646961262967,-55.57778765553363,-53.7603058314251,-55.389652685124226,-52.17469185707864,-51.81104359932934,-51.76844128685955,-53.4936744805252,-53.46944690421331,-53.41862208481841,-53.76961953199689,-54.39432940091569,-54.445090347100525,-54.280436105986986,-54.12146838057702,-53.878613861953845,-53.73240964521558,-53.59356924165154,-53.46307266199761,-54.83854297982421,-54.72321982677889,-54.60112642924351,-54.58655329888885,-54.588543243069545,-54.58152979737289,-54.15993256609457,NaN
-70.60042741799924,-68.40253395146054,-66.5651337143992,-64.29180649472958,-66.74632177331468,-69.85180907461802,-61.633817257584916,-62.798247481002846,-62.647067739839294,-65.12333214021605,-64.84716199919795,-60.29804485278748,-60.322494369345904,-56.87560894248958,-56.246426906712415,-60.37855938523317,-60.07256295240714,-64.97336390589253,-64.60271400576622,-60.446844586795635,-60.27907265332625,-57.39830427422589,-56.026942584981384,-55.93581222933534,-55.84673226678566,-55.722798080162406,-53.89718406893128,-52.369355112791126,-52.306685433640816,-51.95302753220397,-51.94301879591857,-53.66467098876137,-53.61328951445123,-53.56521157835427,-55.90311166203457,-54.76386502752811,-54.59668560068787,-54.43464352455832,-54.27807942774141,-54.037400720793975,-53.893123423619805,-53.75593682524616,-53.53679166649575,-55.00157667315407,-54.88702897331043,-54.76520171261389,-54.75036244119528,-54.75157692829343,-54.766666234711806,-54.31932654604296,NaN
-68.56771546878421,-67.95686135176454,-64.46443294254607,-66.92559371227401,-70.03667453672027,NaN,-63.08325129061274,-62.835363497349974,-67.58199326967366,-67.27970969870289,-62.69547037656517,-62.79264981242811,-59.2142317807992,NaN,-59.827117545152916,-62.35210474111331,-63.91529484270007,-66.95002731409366,-62.03124850233521,-62.411240698773256,-62.215099725483405,-59.34704044176424,-56.12927515644145,-56.041777090210395,-55.91895250078069,-54.07244396574812,-55.73870662316723,-52.526628871490054,-52.16293018306304,-52.12278810723243,-55.19778657874649,-55.55647810127038,-55.49104351631272,-55.33899570276705,-55.95897213969757,-54.91003456788616,-54.745499076952754,-54.58592014646229,-54.341621647784876,-54.192993277722906,-54.05053158750768,-53.91490333384862,-53.69703182927614,-56.74412945258403,-56.62479918727492,-56.50128618760852,-56.488132681733774,-56.49412975676954,-57.6359900925025,-54.47545521929351,NaN
-68.12251320709308,-65.85661383533888,-67.10064915624048,-70.21708520485198,-63.22098268967039,-64.49358829036188,-63.01908275826364,-68.24513894221472,-67.47965715991309,-62.99152402447101,-62.73370170259394,-62.732744802644525,-59.167577432745254,-58.504497567302344,-62.689423522412994,-64.25505747811424,-67.22061170943395,-63.61237605756347,-62.665345953413066,-62.47358636912116,-59.57555579246904,-58.3504092083602,-56.26120666395998,-56.177187019991756,-56.05871781653402,-54.2330654571708,-55.856993133138566,-52.65230629831284,-52.298124198505036,-52.26037311607409,-55.334529803332956,-55.717521735601,-55.65502575658658,-57.36817161770772,-54.90339026205529,-55.0536565294391,-54.891618361474485,-54.644364866579814,-54.49220454133055,-54.34551076966692,-54.20476207411703,-53.980604201014486,-53.853934704381736,-56.89884129111972,-56.78033338115927,-56.65710364575899,-56.64366687112549,-56.648841586730995,-57.787408656828795,-54.65177833106219,NaN
-66.0214954503674,-68.4964465750728,-70.39324815610189,-63.39411062854945,-64.66967734179823,-64.42983085436805,-68.43515200509324,-68.24568914342662,-63.18271782264382,-62.928101042869685,-62.931019604892704,-59.36583245871983,-58.813290234053014,-62.9201650684496,-62.596392280880565,-67.48336894262414,-67.09824300017824,-62.20960222598939,-62.724797448316416,-62.50831278005677,-59.654978628136966,-58.42221076816112,-56.362678816498004,-56.245202392235214,-54.39958865075797,-56.042287193480945,-52.83285312626891,-52.46912701257348,-52.46131218850927,-52.425830513169245,-55.49920511782785,-55.846685437236616,-55.786981017892025,-57.50404276041632,-55.04857245918258,-55.19480462632578,-54.94512793993982,-54.79007243106711,-54.639932459718636,-54.49506635269161,-54.35593589802881,-54.133167206299575,-54.00763359141541,-57.05043682964587,-56.932708907146456,-56.80974789727375,-56.7960423928509,-56.80043711712573,-57.935864860651904,-54.80174874897325,NaN
-68.66354220813665,-71.79145341670254,-67.44815803338675,-64.84173447469492,-64.60473605927587,-69.85362490230138,-68.43496654215528,-68.14971348281148,-63.11774779698674,-63.124386482551195,-59.65919213175516,-59.01674695431226,-63.14465441630328,-62.825340457103415,-64.4017984750363,-67.45893631311648,-63.877886081937056,-62.9390760018823,-62.756600737053496,-59.87424292825118,-58.6554042349778,-58.52479503333867,-56.49364049665682,-56.38017549576936,-54.554494920789054,-56.18520372456984,-52.98278046906271,-52.62813876345901,-52.592534210626454,-55.670562148710204,-56.03398001994358,-55.97400285626123,-55.91695259067434,-56.53808198105624,-55.10122540323808,-55.243550468792684,-55.086109230541126,-54.93313358295135,-54.78490486098185,-54.64176746262428,-54.414167607737056,-54.28271301612774,-54.15825414617827,-57.19903657591062,-57.08204934892606,-56.95934357958901,-56.94538283058278,-56.94903685566986,-58.08146882062671,-54.948812922718155,NaN
-71.95956348503896,-68.94595013189537,-65.00993730959603,-64.77567610359544,-70.13433876777225,-69.8544538189447,-68.33812662582699,-63.78130047560518,-63.41307124372964,-59.84788032239074,-59.609903592242546,-58.955344065365395,-63.14818759597814,-64.72671557716097,-67.7123900672807,-67.3391932556391,-63.176745342455,-62.998177704380645,-62.820566634427514,-59.95076591082372,-58.72444948818018,-58.59804451475607,-56.55777471820951,-54.71298612159712,-56.36168481032393,-53.154682975305676,-53.101274378402636,-52.75533222223702,-52.72183059567878,-55.79896047567751,-56.15688495699469,-56.09950844338266,-55.95498381177897,-56.58215673013227,-55.539373004791024,-55.37996351614087,-55.2246406368411,-55.07363521443655,-54.92721655874429,-54.78571615523354,-54.55956570929953,-54.42935568062423,-54.30591493797916,-57.34475434577808,-57.228471315115854,-57.10600825808832,-57.09180479292373,-57.094754618198095,-58.22432486483211,-55.09307797626571,NaN
-69.11231981965999,-66.40333923898467,-64.94282345513467,-70.31088633480331,-70.03450342401594,-69.75853432336565,-64.06102345748015,-64.07945546134775,-63.350007767065094,-59.796712479487695,-59.2518636716607,-63.365222924846584,-63.054796400633876,-64.6412346496839,-67.5906645982186,-62.80200883724794,-63.203347515270345,-63.02941868597798,-60.161490072819646,-58.9484110459153,-58.82420912527304,-58.701852275080206,-56.688352793832095,-54.862651924053345,-56.49968999173534,-53.299354673171145,-52.9443075854389,-52.91074120462518,-52.87924172889745,-55.95553160410682,-56.30813528793469,-56.25323716803994,-57.97412933970018,-56.7141302137344,-55.67138065443301,-55.51411105648007,-55.360797615837335,-55.211660522488884,-55.06695796251712,-54.83700942633658,-54.7022330592491,-54.573203090234124,-54.450727958822405,-57.487697735342124,-57.372084942607884,-57.24985294015115,-57.235418416752,-57.23769800077782,-58.364531909840366,-55.23464543506638,NaN
-65.15165146958005,-66.33667818179298,-64.97751881306607,-70.2104403121213,-69.93780347353743,-65.47485388618193,-63.99873747619436,-64.01864398578104,-60.07917075364266,-59.443651197035706,-63.57671724893036,-63.27024069994212,-64.95847580336677,-67.93542200080546,-64.35908735522868,-63.43239723949605,-63.262061864505526,-63.09263233747317,-60.2653114375117,-59.01490072526129,-58.89457946338401,-58.74030293667467,-55.013734912324445,-54.980896926903675,-56.606709642965455,-53.412723658088694,-53.0660128949308,-53.03439986329423,-56.115164066846305,-56.48284854763873,-56.427758730878715,-56.37522428272657,-58.09954194770388,-55.65014905632342,-55.801295176879464,-55.646058207640294,-55.494652757047625,-55.25728916509469,-55.11421530840316,-54.97573951244967,-54.84226722890297,-54.71435739563522,-54.5927990891425,-57.62796855369171,-57.51299435658408,-57.390982544504816,-57.3763278272369,-57.377968812473775,-58.502183810080574,-55.37361159059669,NaN
-66.49648353716454,-66.3717953648567,-70.38244180878259,-70.21301933505121,-67.25361257730295,-65.41289307707122,-64.19589634488435,-60.74719160279987,NaN,-59.380378764332015,-63.58027047517902,-65.17026601398763,-68.17376779896463,-67.81607304949675,-62.9535067027115,-63.45876648137726,-63.292730008183,-60.438128421461776,-59.23032832213673,-59.11204502242124,-59.911989364678476,-59.751694865501925,-55.15857868361596,-56.77153466347426,-53.57313082395215,-53.52479932395383,-53.186091816648,-53.156342501845344,-56.23616917750469,-56.598556239372755,-56.54578364476726,-56.49550512651909,-57.12339652049377,-55.781774494442494,-55.83917239157961,-55.685867934658496,-55.5362758693058,-55.390597416229944,-55.24907087962802,-55.111994172757456,-54.97976084212866,-54.85291539415965,-54.732228524271505,-57.76566321999164,-57.651298091438775,-57.52949633031364,-57.51463155876123,-57.515663472428585,-58.637369681543156,-55.510067837803696,NaN
-66.530556691609,-71.78400956630219,-70.38435409752402,-70.11845493111046,-65.58274641347224,-65.71094444808271,-60.92012660510916,-60.6976208034987,-59.665981323619434,-63.785128295608864,-63.48655258556033,-65.0837789729719,-68.15268702522818,NaN,-63.67978851858251,-63.51706724071889,-60.636297982271586,-60.539427476942016,-59.29444235117303,-59.179751980637484,-59.94269084529706,NaN,-55.27211691137618,-56.904133851154995,-53.711792465314176,-53.36438726525598,-53.334573456174056,-53.3066034181657,-56.38554846648877,-56.74279689956263,-56.69223882039904,-58.76036938063443,-57.15742829390108,-56.11996070315109,-55.96506657673968,-55.81360108012398,-55.66573407265361,-55.52165831808556,-55.381603216619794,-55.24585695327641,-55.11480188852818,-54.988968885657464,-54.86911116539007,-57.9008731281832,-57.787089476393085,-57.665488289956414,-57.6504229405356,-57.65087337456325,-58.770174201763524,-55.6441009875437,NaN
-71.94832149086042,-71.7868435772655,-70.28902778079045,-65.74895666689966,-65.87991808824138,-65.65055664891177,-60.86885168990022,-60.344727482295184,-63.985042097765465,-63.689989472611316,-65.38874692238605,-68.38332882949118,-64.81122144675196,-63.895370306149,-63.73588552584568,-63.547159007561845,-61.65619626507304,-60.44102695175563,-60.31666135676929,-63.01951394269849,-60.04020883850082,-55.41320044638446,-57.06169937909366,-53.86508713199081,-53.81927298109446,-53.47956238738374,-53.45148713026119,-56.53473310936253,-56.906284763038734,-56.85559360338012,-56.807153303706485,-58.53464848722892,-57.27965634484451,-56.24207180970388,-56.089030454576694,-55.9393164043705,-55.793091893271544,-55.65054182948841,-55.51188731658406,-55.377407434141794,-55.24747401388985,-55.122605000476014,-55.0035369783257,-58.03368498228394,-57.92045698918711,-57.79904750901672,-57.78379045029044,-57.78368522287683,-58.90067788790352,-55.77579355597169,NaN
-71.95054481134382,-71.69237107588359,-66.01167036241611,-65.78592129023605,-65.81808576472088,-62.381756121651996,-60.52047482539808,-61.82102016523482,-63.98858921665034,-63.697349845699094,-68.60825371815228,-68.26440799621993,-63.5004754949453,-63.919414038319275,-63.76375515665156,-63.913482297835344,-61.74846276423691,-60.49681130713098,-60.376334220354146,-63.02242959830786,-60.10832758584654,-55.552389191464954,-57.19022331265925,-53.999410720022084,-53.65137536457577,-53.59327453632015,-53.566862231951525,-56.649143903891364,-57.01558379283732,-56.96696994642855,-56.92055624666209,-58.65108183978133,-56.206829901930405,-56.36238987618392,-56.21111518981263,-56.063070633075604,-55.91841135983773,-55.777314969767346,-55.63999482268696,-55.50672146096909,-55.377856789642564,-55.25390650198692,-55.13559132321336,-58.164181104971206,-58.05148458087695,-57.93025849663192,-57.91481803907301,-57.91418134002959,-59.028957354628666,-55.905224032699905,NaN
-71.85537467558973,-67.40904298009734,-65.94734144172374,-65.98210407024229,-62.54515530610557,-62.33177768547638,-60.45773841750942,-64.68761356052346,-64.94133073190416,-66.53310796415187,-69.60469578268221,-66.0402804319725,-65.11656797792119,-64.95051893586377,-64.75570726605946,-64.89994800259139,-60.702380399864666,-60.58354286716185,-63.293504193370076,-60.31796670977203,-55.68734219612475,-57.34104176860281,-54.146095598669746,-54.10265176264509,-53.762024627010945,-53.73554891018844,-53.71072811615299,-56.7920989714425,-57.15357351092683,-57.106949887065625,-57.03247678187052,-57.66617905614139,-56.32899707696354,-56.480959195495565,-56.331370398759134,-56.18491851029441,-56.041752100062595,-55.90204195755349,-55.765994203077845,-55.633871361238334,-55.506025962928504,-55.382952065870754,-55.265355257724714,-58.292439721868725,-58.180251974448964,-58.05920148901227,-58.04358542986149,-58.042439951629625,-59.15508555335895,-56.49036621760462,NaN
-69.17232668575302,-67.34508923394938,-66.24274839133261,-62.70521324259023,-62.49358187588836,-61.977138596424325,-64.87535881652244,-65.64790078054588,-66.83222246796241,-69.82798416976871,-69.47870144058437,-64.62389976066258,-65.13247169150439,-64.97051406416925,-65.11492147144523,-62.00292991214696,-60.75634119849864,-60.64112339006398,-63.295226659309876,-60.3834197667293,-55.822499861105484,-57.46579727287628,-54.24640920206964,-54.20481758363292,-53.87132936859415,-53.84641083737633,-56.93191670225765,-57.30698712612334,-57.260273312802845,-57.21555761169434,-59.28739233365433,-57.69155431691669,-56.65872063016711,-56.50782293181801,-56.3598441668071,-56.214912855336166,-56.16317143643338,-56.02478434419152,-55.889950920066234,-55.75892614663179,-55.63205368879565,-55.50981653816721,-55.392905816295055,-58.41853522371763,-58.30683493967938,-58.18595272864485,-58.170168392424586,-58.16853544840364,-59.2791319943527,-56.615962754709905,NaN
-67.49959123962229,-67.64137840241564,-66.17964859907121,-62.75212691687332,-62.14325196631363,-63.45186558768755,-65.9392014762938,-65.64869673248684,-70.04601684986393,-69.70049031159107,-64.92163373100574,-65.33958107757279,-65.18042835200085,-65.02244999077233,-65.14387831233154,-60.95487003575436,-60.84117993535241,-63.55776677562785,-60.55573544127253,-55.95174250926874,-57.61032968458002,-57.55979112750568,-54.375727299507446,-54.03425967058005,-54.00931136296003,-53.95588567688979,-57.04041010402744,-57.41054430588696,-57.36570302183197,-57.32281741991424,-59.056004827538985,-57.80536498765823,-56.77230181762363,-56.62302310936109,-56.476583072519446,-56.333104622201574,-56.1927244804327,-56.055601141581974,-55.92192758982482,-55.791951702224964,-55.66600874589977,-55.544571173913,-55.42831626753076,-58.45253840839885,-58.341305546419306,-58.31058472143363,-58.31797232993986,-58.315871961552595,-59.42449628630594,-56.762828302415,NaN
-67.53587369775664,-67.5786495096971,-62.907534081754,NaN,-62.08069779874328,-66.31763260955898,-65.83867958084714,-67.4457705681035,-70.01715052788715,-66.45597903905062,-65.54203229139925,-65.35563344119664,-65.20030597086014,-65.35175511907032,-62.24901479102192,-61.007120665158524,-60.8968083656711,-63.558375254169476,-60.64872038157559,-56.08315401363526,-57.701590618610965,-54.51353289331907,-54.47405587053644,-54.139480044803186,-54.11599254826464,-54.093998733241726,-57.17759270127858,-57.51292599492397,-57.46988276840184,-57.428753626851226,-59.16464795281579,-56.724798294563065,-56.88433045076597,-56.73660060972865,-56.591632216842825,-56.4495429605535,-56.31046422467922,-56.17454894438599,-56.04198413302532,-55.913010963393646,-55.78795673699878,-55.66728385802225,-55.551656351759895,-58.57451670458165,-58.46373239826083,-58.43316647379468,-58.440399179326334,-58.437850253066735,-59.544574994709464,-59.58592251324992,NaN
-67.73119032979,-64.30441251305554,-62.85397377693573,-62.34200323109985,-66.49524794267693,-67.27899532711217,-67.7326950485945,-70.74930935379955,-69.89184849735179,-65.13538744181658,-65.556304558697,-65.40358474219308,-65.2519806123197,-65.38012040540846,-61.19907274667211,-61.09018730268462,-63.812963891740935,-60.814203386652814,-56.20706511843047,-56.18354069669403,-57.82215023141525,-54.63921088901587,-54.26696992100111,-54.24347975604271,-54.22139494034529,-57.30896633616322,-57.68725036876507,-57.644148638893206,-57.602832885737406,-57.443390480349166,-58.172137240461105,-56.83876611556151,-56.99484222891968,-56.84859517629127,-56.70503525621637,-56.56427527739993,-56.42644163258544,-56.29168204660674,-56.160177916834904,-56.03216408125788,-55.9079602754226,-55.78801930991094,-55.67299250049248,-58.694534378600366,-58.58418084834251,-58.55376371151772,-58.56084762704993,-58.5578679226025,-59.66276182010624,-59.70281855795265,NaN
-64.45329764697252,-64.25111473516849,-62.50012062607215,-66.66913716179519,-67.46001355735812,-67.28156341637944,-70.95412981867261,-70.72649656312998,-66.66099990590995,-65.75260911693273,-65.60245196096132,-65.42331621484968,-65.58134969357256,-62.4872458744739,-61.249716549022416,-61.14399038890874,-63.812530109482836,-60.90489687742794,-56.334986403553216,-57.95826488713856,-54.771452196204436,-54.73397546273028,-54.39839525617408,-54.376277897551134,-54.325540557861096,-57.41212075990607,-57.78563438094994,-57.74422903895445,-57.704573820244626,-59.44025630158107,-58.18997621595399,-56.86116037764291,-57.103872008422634,-56.95904542423077,-56.81683443857352,-56.67734729883802,-56.54070572524484,-56.407052552625885,-56.27656388870875,-56.14946857743877,-56.0260791586071,-55.906839273229345,-55.79238803938169,-58.81265272600781,-58.70271319887619,-58.67243908202197,-58.67937997531706,-58.67598626570201,-59.77911443063309,-59.817929242334905,NaN
-64.4986440664859,-63.902957423634135,-62.43601449721469,-66.67684412817168,-67.46134524687372,-69.07951175076646,-70.93000194212054,-70.60697567597389,-65.24337959959155,-65.76706624685393,-65.62036068801979,-62.752667691311295,-65.60913675229915,-61.435511314641566,-61.33112076477212,-64.0596928042701,-61.06399060315313,-59.19219267902709,-56.43195432579272,-58.075628970826365,-54.863743804513796,-54.82783241083289,-54.498690903305494,-54.477893671714334,-54.45845135795214,-57.54408882832504,-57.88295737919887,-57.84318425784747,-57.80512605452133,-59.54326898772268,-58.29644553276915,-57.26737004956077,-57.12145379382025,-56.97798885513794,-56.92707064141313,-56.78880313134579,-56.653303665353626,-56.52071048281922,-56.39119470241458,-56.26497948885905,-56.142370529693494,-56.02380269194107,-55.90990337612112,-58.92893024911305,-58.81938888581958,-58.789252341470764,-58.79605566008036,-58.79226378466465,-59.89368794981134,-59.93130703290926,NaN
-64.44485948652274,-63.93921434513152,-66.84608856998443,-67.6374438786269,-69.35642328701742,-72.38907541668256,-70.80910054176606,-66.05730109489184,-65.95757940517667,-65.81326420552047,-65.63992349772457,-65.80412673771528,-62.718103766464516,-61.484642710800614,-61.38321341639089,-64.05828190325872,-61.15255122313047,-56.54857042575856,-58.20641756829964,-58.16233929640258,-54.9851898559873,-54.648679446920944,-54.59787355472891,-54.57834632419779,-57.667812242190756,-58.049041457829844,-58.00923341944983,-57.97103153826581,-57.90451004141473,-59.64509126857171,-57.20905158814091,-57.37216852936308,-57.22762073483698,-57.085461875227764,-56.94578341126615,-56.89868532222116,-56.764280838046126,-56.632703873909364,-56.50412083671822,-56.378749503273106,-56.256889028113136,-56.13896587387424,-59.0793440905194,-59.043422821689106,-58.93426464997954,-58.904260528063496,-58.91093142214188,-58.906756353254366,-60.006535100470686,-60.043002181252454,NaN
-64.08936479151252,-68.26305758329504,-67.8099913628114,-67.6398752039468,-69.26479378454763,-72.36871394939695,-67.57360021847954,-66.67975736507981,-65.97217079062311,-65.83110005755171,-65.99526945066907,-65.83135002052023,-61.66466092294578,-61.564484425099174,-64.2984940032096,-61.30565753795908,NaN,-56.672343176273976,-58.32080107734147,-55.10990603759239,-55.07579516336623,-54.74552152840765,-54.72596003211754,-54.67765508685686,-57.76612571257015,-58.1427410702435,-58.104476855745645,-58.067788232025556,-57.9127461477142,-58.64591134800911,-57.31584486028235,-57.47563917720406,-57.332405128124584,-57.19149981639109,-57.0530110040082,-56.91703491885998,-56.87368092858115,-56.74307887423675,-56.615390707147945,-56.49082908616727,-56.36968693000257,-56.25238264276788,-59.19285456244355,-59.15618384192269,-59.04739469570507,-59.0175181226945,-59.02406146584635,-59.01951736964947,-60.1177063389524,-60.15306284249021,NaN
-64.02544967564495,-68.27223087841443,-67.81129855877985,-69.4369024010434,-72.56142262727131,-72.25134853882136,-66.25588510610851,-66.69658984660771,-66.01838235620342,-65.85047664818127,-66.02047276918806,-61.84127767823401,-61.74236638831702,-61.614971128274675,-64.29616530661426,-64.25392057706439,-56.78442571813052,-58.44659000116899,-58.404578955874406,-55.22825485793237,-55.16556525953776,-54.84132996856636,-54.82296722850843,-54.805839128385145,-57.89336046236107,-58.23547832910707,-58.19870226632588,-58.163471738714364,-59.90373689462026,-58.6571315706199,-57.42125511198016,-57.57781052359508,-57.435838422940975,-57.296136959429994,-57.158790425571254,-57.02389152663951,-56.89154599686187,-56.85187983414566,-56.72505077124164,-56.601266599629106,-56.48081427922512,-56.36410447974485,-59.304664370883124,-59.26726437457863,-59.158830838218655,-59.129077198052556,-59.13549760641209,-59.13059789860692,-60.227249980335756,-60.2615351863557,NaN
-68.43307730583106,-69.23380478910502,-69.70566097512516,NaN,-72.44277857844,-69.02992363252481,-66.87531222729119,-66.71500070219393,-68.00242869969293,-66.2059783378152,-66.04714742525942,-61.88695472134257,-61.79073687356835,-64.52985813661387,-61.53971238499781,-64.29455248662775,-56.90520578457059,-58.52818714946214,-55.348223743316225,-55.315822872275675,-54.98449542603914,-54.93611956408591,-54.91891205766007,-58.01012136868217,-58.39405865946712,-58.35726533563812,-58.291924388924706,-58.25809945266783,-60.000593999273256,-58.75714303974054,-57.731608600350604,-57.678710451276295,-57.537951230042296,-57.39940655893353,-57.263157472693905,-57.12929336523539,-56.99791654880701,-56.869149391691224,-56.83314562766357,-56.71010841374312,-56.590319009710484,-56.47418065505808,-59.49469876619921,-59.376713283261026,-59.26862264053319,-59.23898755713135,-59.245289406848165,-59.24004680372349,-60.33521231537139,-60.36846350133131,NaN
-69.39782119092011,-69.23777487625514,-69.61350456206286,-72.73038887434974,-69.20130643553216,-67.61662414306893,-66.8922045874073,-68.73585244016822,-66.08529755525187,-66.23074296087424,-62.0583426966596,-61.963313635441025,-61.83971290347374,-64.56024261756656,-64.4888249303214,-59.842570223208035,-56.99516050246059,-58.639221825378236,-55.43367547735023,-55.40261473406807,-55.07714793686413,-55.05990520200678,-55.04381140991973,-58.10402567974417,-58.48349693072982,-58.44811444307652,-58.4141580642046,-58.35168871726148,-60.09639572588887,-57.66368422247859,-57.83004686401023,-57.68836619218841,-57.638773333180815,-57.5013408693413,-57.36614677342036,-57.233277323248764,-57.10283160461882,-56.97492855387769,-56.849718109560655,-56.81739901103137,-56.698247059767155,-56.58265835088234,-59.6020444785736,-59.484577353572575,-59.37681754081352,-59.34729686202916,-59.35348430531597,-59.34791087059506,-60.44163771974747,-60.47389029234805,NaN
-69.40072852647009,-71.03564696867402,-72.9143058298203,-72.61330055646593,-67.88177424252122,-68.33494780308396,-66.94056969643938,-68.75105852379491,-66.41093151757175,-66.28688451541883,-62.102788607349105,-62.010296474384404,-64.75423192130067,-61.76661734757173,-64.52800833157043,-59.94524380523703,-58.758260926957504,-58.71968956194546,-55.5484003103726,-55.21608961492811,-55.16885121974776,-55.15270181478242,-55.137682113868586,-58.22694497187402,-58.57205845699198,-58.53803819786705,-58.50541818638139,-60.58871825525832,-59.0913227903623,-57.764147970421455,-57.927313322904816,-57.78680432778217,-57.64833370269493,-57.60197117181983,-57.46779182711714,-57.33587901106105,-57.206328764012966,-57.07925677363939,-56.95480937250915,-56.92318108442084,-56.804642478967324,-56.689582775854944,-59.7078682607019,-59.590901407900404,-59.483460970961346,-59.45405075383416,-59.460127733713776,-59.4542349216024,-60.54656875626424,-60.57785637248436,NaN
-71.29608076440324,-74.35406840336758,-72.89606398046689,-69.3837318017532,-68.50425269957275,-68.35364070345973,-68.92969916901264,-66.83881404535121,-68.22821763990756,-62.269247078281616,-62.177873995514524,-62.05784893790031,-64.78363113297485,-64.71653721423766,-60.067885793271245,-61.59564782881996,-60.41577335987649,-57.18251552244706,-57.125111703098504,-55.3057842714575,-55.289618443197156,-55.24452434083769,-58.33734291979429,-58.31889353677033,-58.6897537263206,-58.62704928782885,-58.595719660207386,-61.61147876094985,-60.34740426672649,-57.863386795368164,-58.02343161122954,-57.884050792113605,-57.74666051075628,-57.61132780164055,-57.568125043825965,-57.437132811865716,-57.30844426849127,-58.289086685081394,-58.154643398213466,-56.937495629185115,-56.90954752815601,-56.79499727200708,-59.81221217473127,-59.69572841249088,-59.58859646712949,-59.55929296431569,-59.56526322819133,-60.604447998645675,-60.62765873518334,-60.68040094907501,NaN
-71.20507714835526,-74.33640560952526,NaN,NaN,NaN,NaN,-68.94489685906062,-68.41778109607435,-68.0758567373611,NaN,NaN,NaN,NaN,NaN,NaN,-63.33182963780617,-60.48159831545534,-57.28308544040987,-57.19752516375018,NaN,NaN,NaN,NaN,NaN,NaN,NaN,NaN,-61.697173597492636,-60.43650266144285,NaN,NaN,NaN,NaN,NaN,NaN,NaN,NaN,-58.38901542235346,-58.255545518760066,NaN,NaN,NaN,NaN,NaN,NaN,NaN,NaN,NaN,-60.72996725008728,-60.78156170461083,NaN
